,Title,Abstract,Link 
0,Autism genetics: opportunities and challenges for clinical translation.,"Genetic studies have revealed the involvement of hundreds of gene variants in autism. Their risk effects are highly variable, and they are frequently related to other conditions besides autism. However, many different variants converge on common biological pathways. These findings indicate that aetiological heterogeneity, variable penetrance and genetic pleiotropy are pervasive characteristics of autism genetics. Although this advancing insight should improve clinical care, at present there is a substantial discrepancy between research knowledge and its clinical application. In this Review, we discuss the current challenges and opportunities for the translation of autism genetics knowledge into clinical practice.",https://pubmed.ncbi.nlm.nih.gov/28260791/
1,Autism: Pathophysiology and Promising Herbal Remedies.,"Autism is a comprehensive growth abnormality in which social skills, language, communication, and behavioral skills are developed with delay and as diversionary. The reasons for autism are unclear, but various theories of genetics, immunity, biological, and psychosocial factors have been proffered. In fact, autism is a complex disorder with distinct causes that usually co-occur. Although no medicine has been recognized to treat this disorder, pharmacological treatments can be effective in reducing its signs, such as self-mutilation, aggression, repetitive and stereotyped behaviors, inattention, hyperactivity, and sleeping disorders. Recently, complementary and alternative approaches have been considered to treat autism. Ginkgo biloba is one of the most effective plants with an old history of applications in neuropsychological disorders which recently is used for autism. The present review discusses the recent findings, pathophysiology, and etiology of autism and thereafter addresses the promising results of herbal remedies.",https://pubmed.ncbi.nlm.nih.gov/26561063/
2,Diagnosis of autism.,"Parents want autism to be diagnosed as early as possible, and early intervention may improve long term outcomes. The authors of this review discuss the identification and assessment process for children with autism and autistic spectrum disorder",https://pubmed.ncbi.nlm.nih.gov/12946972/
3,"Autism risk factors: genes, environment, and gene-environment interactions.","The aim of this review is to summarize the key findings from genetic and epidemiological research, which show that autism is a complex disorder resulting from the combination of genetic and environmental factors. Remarkable advances in the knowledge of genetic causes of autism have resulted from the great efforts made in the field of genetics. The identification of specific alleles contributing to the autism spectrum has supplied important pieces for the autism puzzle. However, many questions remain unanswered, and new questions are raised by recent results. Moreover, given the amount of evidence supporting a significant contribution of environmental factors to autism risk, it is now clear that the search for environmental factors should be reinforced. One aspect of this search that has been neglected so far is the study of interactions between genes and environmental factors.",https://pubmed.ncbi.nlm.nih.gov/23226953/
4,Autism.,"Autism is a set of heterogeneous neurodevelopmental conditions, characterised by early-onset difficulties in social communication and unusually restricted, repetitive behaviour and interests. The worldwide population prevalence is about 1%. Autism affects more male than female individuals, and comorbidity is common (>70% have concurrent conditions). Individuals with autism have atypical cognitive profiles, such as impaired social cognition and social perception, executive dysfunction, and atypical perceptual and information processing. These profiles are underpinned by atypical neural development at the systems level. Genetics has a key role in the aetiology of autism, in conjunction with developmentally early environmental factors. Large-effect rare mutations and small-effect common variants contribute to risk. Assessment needs to be multidisciplinary and developmental, and early detection is essential for early intervention. Early comprehensive and targeted behavioural interventions can improve social communication and reduce anxiety and aggression. Drugs can reduce comorbid symptoms, but do not directly improve social communication. Creation of a supportive environment that accepts and respects that the individual is different is crucial.",https://pubmed.ncbi.nlm.nih.gov/24074734/
5,Overview of the Recent Advances in Pathophysiology and Treatment for Autism.,"Background & objective:Autism is a developmental disorder that manifests itself in early childhood. Autism is characterized by inability to acquire social skills, repetitive behaviors and failure of speech and nonverbal communication development. Recent studies have shown that genetic mutations occur in majority of individuals with autism. These mutations cause a variety of disorders that ultimately lead to brain disorders. It is noteworthy that all mutations do not follow the same pattern. They encompass various kinds of mutations. Autism needs to be treated during childhood as untreated patients usually do not progress to the later stages of development. In this regard, many studies have been performed and numerous treatments have been proposed to improve the outcome of this disease.",https://pubmed.ncbi.nlm.nih.gov/29984672/
6,Autism and related disorders.,"The pervasive developmental disorders are a group of neurodevelopmental disorders that include autistic disorder, Asperger's disorder, pervasive developmental disorder - not otherwise specified (PDD-NOS), childhood disintegrative disorder (CDD), and Rett's disorder. All feature childhood onset with a constellation of symptoms spanning social interaction and communication and including atypical behavior patterns. The first three disorders (autistic disorder, Asperger's disorder, and PDD-NOS) are currently referred to as autism spectrum disorders, reflecting divergent phenotypic and etiological characteristics compared to Rett's disorder and CDD. This chapter reviews research and clinical information to appropriate medical diagnosis and treatment.",https://pubmed.ncbi.nlm.nih.gov/22608634/
7,Identification and evaluation of children with autism spectrum disorders.,"Autism spectrum disorders are not rare; many primary care pediatricians care for several children with autism spectrum disorders. Pediatricians play an important role in early recognition of autism spectrum disorders, because they usually are the first point of contact for parents. Parents are now much more aware of the early signs of autism spectrum disorders because of frequent coverage in the media; if their child demonstrates any of the published signs, they will most likely raise their concerns to their child's pediatrician. It is important that pediatricians be able to recognize the signs and symptoms of autism spectrum disorders and have a strategy for assessing them systematically. Pediatricians also must be aware of local resources that can assist in making a definitive diagnosis of, and in managing, autism spectrum disorders. The pediatrician must be familiar with developmental, educational, and community resources as well as medical subspecialty clinics. This clinical report is 1 of 2 documents that replace the original American Academy of Pediatrics policy statement and technical report published in 2001. This report addresses background information, including definition, history, epidemiology, diagnostic criteria, early signs, neuropathologic aspects, and etiologic possibilities in autism spectrum disorders. In addition, this report provides an algorithm to help the pediatrician develop a strategy for early identification of children with autism spectrum disorders. The accompanying clinical report addresses the management of children with autism spectrum disorders and follows this report on page 1162 [available at www.pediatrics.org/cgi/content/full/120/5/1162]. Both clinical reports are complemented by the toolkit titled ""Autism: Caring for Children With Autism Spectrum Disorders: A Resource Toolkit for Clinicians,"" which contains screening and surveillance tools, practical forms, tables, and parent handouts to assist the pediatrician in the identification, evaluation, and management of autism spectrum disorders in children.",https://pubmed.ncbi.nlm.nih.gov/17967920/
8,Sex/gender differences and autism: setting the scene for future research.,"Objective:The relationship between sex/gender differences and autism has attracted a variety of research ranging from clinical and neurobiological to etiological, stimulated by the male bias in autism prevalence. Findings are complex and do not always relate to each other in a straightforward manner. Distinct but interlinked questions on the relationship between sex/gender differences and autism remain underaddressed. To better understand the implications from existing research and to help design future studies, we propose a 4-level conceptual framework to clarify the embedded themes.",https://pubmed.ncbi.nlm.nih.gov/25524786/
9,"The cerebellum, sensitive periods, and autism.","Cerebellar research has focused principally on adult motor function. However, the cerebellum also maintains abundant connections with nonmotor brain regions throughout postnatal life. Here we review evidence that the cerebellum may guide the maturation of remote nonmotor neural circuitry and influence cognitive development, with a focus on its relationship with autism. Specific cerebellar zones influence neocortical substrates for social interaction, and we propose that sensitive-period disruption of such internal brain communication can account for autism's key features.",https://pubmed.ncbi.nlm.nih.gov/25102558/
10,Autism.,No abstract available,https://pubmed.ncbi.nlm.nih.gov/23136649/
11,Recognising autism in healthcare.,"Recognition of autism and the associated co-occurring physical and mental health issues has increased over recent years. However, undergraduate and postgraduate curricula take time to adapt and to impact on what is delivered in training so healthcare professionals, including doctors, report little training on these topics. Doctors need to know when someone might be autistic in order to respond to them appropriately. This article sets out the reasons why recognition of autism is important and the positive impacts of recognising and understanding autism on health outcomes, service delivery and patient experience. The negative consequences of not recognising autism or understanding the impact of autistic traits on the person are also explored. A companion article then covers how practice can be made more appropriate for autistic people to improve outcomes.",https://pubmed.ncbi.nlm.nih.gov/34983217/
12,Autism or autisms?,No abstract available,https://pubmed.ncbi.nlm.nih.gov/35324116/
13,Autism.,"Autism is a disorder characterised by severe difficulties in social interaction and communication, and with unusual behaviours. Once thought of as rare, autism is now recognised as being common. The role of CNS factors in pathogenesis is suggested by high rates of seizure disorder; research has highlighted the role of several specific brain regions in syndrome pathogenesis. Autism is a strongly genetic disorder and probably arises because of multiple genes; recurrence rates in families with one child are high. Early intervention with various techniques is helpful in many cases. Some pharmacological agents may help with certain problematic behaviours but do not address the underlying cause of the disorder.",https://pubmed.ncbi.nlm.nih.gov/14550703/
14,Autism in adult life.,No abstract available,https://pubmed.ncbi.nlm.nih.gov/22546058/
15,Autism in Women.,"Relative to males, women with autism spectrum disorder (ASD) have neurobiological and clinical presentation differences. Recent research suggests that the male/female ASD prevalence gap is smaller than previously reported. Sex differences in symptom presentation as well as the male bias of ASD account for delayed/missed diagnosis among women. Investigating ASD and providing psychological evaluation referrals for women who are struggling socially and present with complex mental health conditions (e.g., ADHD, depression), even when they do not show typical autistic characteristics, is important. Accurate diagnosis facilitates understanding of challenges, increases access to treatments, and alleviates the burden of ASD.",https://pubmed.ncbi.nlm.nih.gov/37030965/
16,[Models of intervention in children with autism].,"Introduction:Autism spectrum disorders make up a group of neurodevelopmental disorders that globally affect different higher brain functions in the individual, such as intelligence, the capacity to use language and social interaction. Today, although there is still no curative treatment for autism, there are a number of non pharmacological interventions that can modify the poor prognosis that is generally associated to this type of disorders.",https://pubmed.ncbi.nlm.nih.gov/20200851/
17,Autism.,"Autism is a severe disorder of development characterized by abnormalities in communication, social relationships and patterns of behaviour. This paper reviews the concepts of autism as they have developed over time in relation to research findings showing it to be an organic disorder, involving cognitive deficits, and which is largely genetically determined. Current research is focusing on the ways in which underlying brain abnormalities, genetic factors, neuropsychological deficits and behavioural manifestations are interconnected.",https://pubmed.ncbi.nlm.nih.gov/1842856/
18,Autism.,No abstract available,https://pubmed.ncbi.nlm.nih.gov/19291888/
19,Molecular biology of autism's etiology - An alternative mechanism.,"Autism is a neuropathologic condition believed to be the consequence of cerebral dysconnectivity. Hypomyelination of axons in brain nerve pathways parallels behavioral abnormalities characteristic of autism. The present discussion will examine the functional association of insulin-like growth factor-1 (IGF1) to neo-neuron myelination, especially in autistic children. These structural defects apparently correlate with a reduced level of circulating IGF. In addition, the potential connection of single nucleotide polymorphism to the etiology of autism is considered. Pharmaceutical and nutritional supplements that may enhance IGF1 to reduce the incidence of autism are proposed.",https://pubmed.ncbi.nlm.nih.gov/31383342/
20,Autism.,"Essential facts Autism is a lifelong developmental disability that affects how individuals communicate with and relate to other people and the world around them. Autism is known as a spectrum condition because the symptoms vary from person to person and range from mild to severe. According to the National Autistic Society, autism affects around one in 100 people.",https://pubmed.ncbi.nlm.nih.gov/24617377/
21,[Autism].,"Autism is a static, neuro-developmental disorder, that is life-long and comprises a wide range of behavioral disorders. It has a prevalence of 1-2 per 1,000 with a broad range of severity. Multiple causes have been put forward and genetics plays the major role. According to DSM-IV the main clinical manifestations include impaired social skills, language and non-verbal communication and changes in range of interests and activities. Cognitive deficits are frequent but not universal. Perseveration, affective flatness and lack of insight into other people's thinking and feelings is conspicuous. The neurobiological basis of autism is unknown, but histopathological and biochemical findings suggest a diffuse disorder of neuronal development, most severe in the fronto-temporal cortex, some limbic structures and in the cerebellum. At a biochemical level, abnormalities in serotonin and other neurotransmitters have been reported.",https://pubmed.ncbi.nlm.nih.gov/15892462/
22,Autism aspects.,No abstract available,https://pubmed.ncbi.nlm.nih.gov/19213285/
23,Autism spectrum disorders.,No abstract available,https://pubmed.ncbi.nlm.nih.gov/15235159/
24,Autism spectrum disorder.,No abstract available,https://pubmed.ncbi.nlm.nih.gov/16213805/
25,Autism. Editorial.,No abstract available,https://pubmed.ncbi.nlm.nih.gov/22121543/
26,The Autism Paradox.,No abstract available,https://pubmed.ncbi.nlm.nih.gov/26084068/
27,"Autism and Cancer Share Risk Genes, Pathways, and Drug Targets.","Autism is a neurodevelopmental disorder, diagnosed behaviorally by social and communication deficits, repetitive behaviors, and restricted interests. Recent genome-wide exome sequencing has revealed extensive overlap in risk genes for autism and for cancer. Understanding the genetic commonalities of autism(s) and cancer(s), with a focus on mechanistic pathways, could lead to repurposed therapeutics.",https://pubmed.ncbi.nlm.nih.gov/26830258/
28,Advances in autism.,"Autism is a common childhood neurodevelopmental disorder with strong genetic liability. It is not a unitary entity but a clinical syndrome, with variable deficits in social behavior and language, restrictive interests, and repetitive behaviors. Recent advances in the genetics of autism emphasize its etiological heterogeneity, with each genetic susceptibility locus accounting for only a small fraction of cases or having a small effect. Therefore, it is not surprising that no unifying structural or neuropathological features have been conclusively identified. Given the heterogeneity of autism spectrum disorder (ASD), approaches based on studying heritable components of the disorder, or endophenotypes, such as language or social cognition, provide promising avenues for genetic and neurobiological investigations. Early intensive behavioral and cognitive interventions are efficacious in many cases, but autism does not remit in the majority of children. Therefore, development of targeted therapies based on pathophysiologically and etiologically defined subtypes of ASD remains an important and achievable goal of current research.",https://pubmed.ncbi.nlm.nih.gov/19630577/
29,"Autism research and services for young children: history, progress and challenges.","For three decades after Leo Kanner's first clinical description, research progress in understanding and treating autism was minimal but since the late 1960s the growth of autism discoveries has been exponential, with a remarkable number of new findings published over the past two decades, in particular. These advances were made possible first by the discovery and dissemination of early intensive behavioural intervention (EIBI) for young children with autism that created the impetus for earlier accurate diagnosis. Other factors influencing the rapid growth in autism research were the first accepted diagnostic test for autism, the Autism Diagnostic Interview and Observation Schedule (ADI and ADOS). Developments in brain imaging and genetic technology combined to create a fuller understanding of the heterogeneity of autism, its multiple aetiologies, very early onset and course, and strategies for treatment. For a significant proportion of children with autism, it appears EIBI may be capable of promoting brain connectivity in specific cerebral areas, which is one of autism's underlying challenges. Disagreements about the most appropriate early intervention approach between developmental and behavioural psychologists have been unproductive and not contributed to advancing the field. Naturalistic behavioural and structured discrete trial methods are being integrated with developmental strategies with promising outcomes. Over these past 30 years, young people with autism have gone from receiving essentially no proactive treatment, resulting in lives languishing in institutions, to today, when half of children receiving EIBI treatment subsequently participate in regular classrooms alongside their peers. The future has entirely changed for young people with autism. Autism has become an eminently treatable condition. The time is overdue to set aside philosophical quarrels regarding theories of child development and apply what we know for the benefit of children with autism and their families.",https://pubmed.ncbi.nlm.nih.gov/23404617/
30,Autism and related behaviours.,"Childhood autism is conceptualized as a behavioural syndrome with several different aetiologies. Its prevalence is estimated at about one in every thousand children born. The male:female ratio is considerably higher than in the general population, but possibly not as high as 3-4:1 (as has been suggested for almost 50 years in the literature). A number of specific medical conditions are associated with autism and a comprehensive medical work-up is required in all cases with pervasive autistic symptomatology. Genetic factors contribute to the development of autism in some cases. Recent neurobiological and psychological studies contribute to a concept of the autistic syndrome as but one of several different syndromes characterized by impaired empathy skills.",https://pubmed.ncbi.nlm.nih.gov/8400719/
31,Autism overflows: increasing prevalence and proliferating theories.,"This selective review examines the lack of an explanation for the sharply increasing prevalence of autism, and the lack of any synthesis of the proliferating theories of autism. The most controversial and most widely disseminated notion for increasing prevalence is the measles-mumps-rubella/thimerosal vaccine theory. Less controversial causes that have been proposed include changes in autism diagnostic criteria, increasing services for autism, and growing awareness of the disorder. Regardless of its causes, the increasing prevalence of autism has put pressure on the field of autism research to generate productive and predictive theories of autism. However, the heterogeneity of brain deficits, impaired behaviors, and genetic variants in autism have challenged researchers and theorists, and despite 45 years of research, no standard causal synthesis has emerged. Research going forward should assume that autism is an aggregation of myriad independent disorders of impaired sociality, social cognition, communication, and motor and cognitive skills.",https://pubmed.ncbi.nlm.nih.gov/19015994/
32,What is new in autism?,Purpose of review:Autism is now recognized in one out of 150 children. This review highlights the topics within the growing autism literature that are shaping current thinking on autism and advancing research and clinical understanding of autism spectrum disorders.,https://pubmed.ncbi.nlm.nih.gov/18317271/
33,Convulsing toward the pathophysiology of autism.,"The autisms and epilepsies are heterogeneous disorders that have diverse etiologies and pathologies. The severity of impairment and of symptoms associated with autism or with particular epilepsy syndromes reflects focal or global, structurally abnormal or dysfunctional neuronal networks. The complex relationship between autism and epilepsy, as reflected in the autism-epilepsy phenotype, provides a bridge to further knowledge of shared neuronal networks that can account for both the autisms and the epilepsies. Although epilepsy is not a causal factor for autism, increased understanding of common genetic and molecular biological mechanisms of the autism-epilepsy phenotype has provided insight into the pathophysiology of the autisms. The autism-epilepsy phenotype provides a novel model to the study of interventions that may have a positive modulating effects on social cognitive outcome.",https://pubmed.ncbi.nlm.nih.gov/19006654/
34,Autism: known and unknown.,No abstract available,https://pubmed.ncbi.nlm.nih.gov/12898989/
35,Autism and Asperger's syndrome.,"Knowledge about the spectrum of autistic disorders, including Asperger's syndrome, has grown significantly. Diagnoses can be made more reliably and there is better characterization of elements within the spectrum than ever before. A clearer picture of the cognitive limitations displayed by persons with conditions in the autistic spectrum is emerging. Deficits in manipulating abstract meanings, translating principles across contexts, and attending to contextual meanings can be seen in lower and higher functioning individuals. Links between ""executive function,"" ""theory of mind,"" and findings from functional imaging are becoming apparent. There are consistent indications that frontal and temporal regions play a crucial role in these disorders. Associations with specific genetic defects has been suggested, but methods capable of discovering the complex interplay of several genes will be needed before generalized conclusions can be reached.",https://pubmed.ncbi.nlm.nih.gov/9300193/
36,Infantile autism: adult outcome.,"Although the core features of autism do not change qualitatively, a gradual overall symptomatic improvement including an increase in adaptive skills is observed in most cases with age. Follow-up studies show that the diagnostic features, the differential diagnosis, and clinical problems of adult autistics differ substantially from that of autistic children. The differential diagnosis of older autistics include personality disorders, learning disabilities, and mood disorder. Depression, epilepsy, and behavioral problems such as aggression and agitation may be major clinical problems during adolescence. The early indicators of a better outcome include a higher level of IQ and language. Among the neuropsychological variables, measures of flexibility and cognitive shift are important as prognostic factors. Early behavioral and educational intervention may especially increase the adaptive skills of the patients and promote the in-family communication. The outcome studies of autism are particularly helpful in addressing the appropriate and most effective programs of remediation for adult autistics.",https://pubmed.ncbi.nlm.nih.gov/11291011/
37,"Autism: definition, neurobiology, screening, diagnosis.","Autism (ie, the autism spectrum disorders) is now recognized in 1 in 150 children. This article highlights the definition, neurobiology, screening, and diagnosis of autism. The genetics, immunology, imaging, and neurophysiology of autism are reviewed, with particular emphasis on areas that impact pediatricians. Early recognition of the social deficits that characterize autism is key to maximizing the potential of these children.",https://pubmed.ncbi.nlm.nih.gov/18929056/
38,Autism: a medical primer.,"Autistic disorder, a pervasive developmental disorder resulting in social, language, or sensorimotor deficits, occurs in approximately seven of 10,000 persons. Early detection and intervention significantly improve outcome, with about one third of autistic persons achieving some degree of independent living. Indications for developmental evaluation include no babbling, pointing, or use of other gestures by 12 months of age, no single words by 16 months of age, no two-word spontaneous phrases by 24 months of age, and loss of previously learned language or social skills at any age. The differential diagnosis includes other psychiatric and pervasive developmental disorders, deafness, and profound hearing loss. Autism is frequently associated with fragile X syndrome and tuberous sclerosis, and may be caused by lead poisoning and metabolic disorders. Common comorbidities include mental retardation, seizure disorder, and psychiatric disorders such as depression and anxiety. Behavior modification programs are helpful and are usually administered by multidisciplinary teams, targeted medication is used to address behavior concerns. Many different treatment approaches can be used, some of which are unproven and have little scientific support. Parents may be encouraged to investigate national resources and local support networks.",https://pubmed.ncbi.nlm.nih.gov/12449265/
39,Epilepsy in autism.,"There is an increased but variable risk of epilepsy in autism. Three main factors--age, cognitive level, and type of language disorder--account for variability in the reported prevalence of epilepsy. The prevalence is highest in studies that have included adolescents and young adults, individuals with moderate to severe mental retardation and those with motor deficits, and individuals with severe receptive language deficits. The association of autism with clinical or subclinical epilepsy might denote common genetic factors in some cases. Whether subclinical epilepsy has adverse effects on cognition, language, and behaviour is debated, as is the relation of autistic regression with an epileptiform electroencephalogram to Landau-Kleffner syndrome. There is no evidence-based treatment recommendation for individuals with autism, regression, and subclinical epilepsy. Double-blind studies with sufficient power to resolve this issue are urgently needed.",https://pubmed.ncbi.nlm.nih.gov/12849396/
40,[Autism of unknown aetiology].,"Objective:To review the origin, development and present state of autism, pervasive developmental disorders, progress in diagnostic tools, genetic advances, neurobiological bases, the possible causes of the increased prevalence of autism and the present treatment of the autistic condition.",https://pubmed.ncbi.nlm.nih.gov/12938058/
41,Childhood autism and associated comorbidities.,"Autism is a heterogeneous neurodevelopmental disorder with a variety of different etiologies, but with a heritability estimate of more than 90%. Although the strong correlation between autism and genetic factors has been long established, the exact genetic background of autism is still unclear. This review refers to all the genetic syndromes that have been described in children with pervasive developmental disorders (tuberous sclerosis, fragile X, Down, neurofibromatosis, Angelman, Prader-Willi, Gilles de la Tourette, Williams, etc.). Issues covered include prevalence and main characteristics of each syndrome, as well as the possible base of its association with autism in terms of contribution to the current knowledge on the etiology and genetic base of pervasive developmental disorders.",https://pubmed.ncbi.nlm.nih.gov/17084999/
42,Low endogenous neural noise in autism.,"'Heuristic' theories of autism postulate that a single mechanism or process underpins the diverse psychological features of autism spectrum disorder. Although no such theory can offer a comprehensive account, the parsimonious descriptions they provide are powerful catalysts to autism research. One recent proposal holds that 'noisy' neuronal signalling explains not only some deficits in autism spectrum disorder, but also some superior abilities, due to 'stochastic resonance'. Here, we discuss three distinct actions of noise in neural networks, arguing in each case that autism spectrum disorder symptoms reflect too little, rather than too much, neural noise. Such reduced noise, perhaps a function of atypical brainstem activation, would enhance detection and discrimination in autism spectrum disorder but at significant cost, foregoing the widespread benefits of noise in neural networks.",https://pubmed.ncbi.nlm.nih.gov/25248666/
43,Autism: understanding conceptual processing deficits.,"Autism is a behavioral diagnosis characterized by a triad of impairment, which includes impaired communication, impaired social skills, and impaired spontaneity. The outward behavior exhibited by people with autism represents a different cognitive processing style than that seen in typical development. Understanding the way people with autism process and store information is important for intervention. The majority of people diagnosed with autism do not have symptoms of mental retardation and need access to mainstream services to work on the problems presented by daily life.",https://pubmed.ncbi.nlm.nih.gov/15884475/
44,Autism - 25 years on: A lot has changed!,No abstract available,https://pubmed.ncbi.nlm.nih.gov/32536206/
45,Autism: making reasonable adjustments in healthcare.,"The accompanying article set out why it is important to identify autistic people and the negative consequences of not recognising or understanding autism, including more severe illness and premature death. This article sets out what clinicians can do to help reduce those negative consequences by making 'reasonable adjustments' in any healthcare service in which they work.",https://pubmed.ncbi.nlm.nih.gov/34983215/
46,Editorial: Autism - Hype and Hope.,No abstract available,https://pubmed.ncbi.nlm.nih.gov/27873154/
47,New developments in autism.,"The substantial increase in the prevalence of autism necessitates that practicing physicians become more familiar with the presentation of symptoms to improve early diagnoses and interventions, thus improving the prognosis for affected children. Autism is a complex neurodevelopmental disorder with a triad of core impairments in social interactions, repetitive behaviors, and communication. Clinically, autism appears as a spectrum, with many variations in the severity of defining behaviors and associated symptoms among children. Although the etiology of autism is unknown, it is thought to involve a genetic susceptibility that may be triggered by environmental factors. Because of the high variability in behaviors, biologic findings, and response to treatment, many specialists are assuming a theory of many different autisms, each of which may have a somewhat different etiology and response to treatment. Although there is no known cure for autism, many treatments are available to improve core and associated symptoms.",https://pubmed.ncbi.nlm.nih.gov/19248913/
48,Neurobiology of autism.,"Autism is a behaviorally defined, life-long static developmental disorder of the brain that is poised for neurobiological investigation. It affects at least 1 or 2 in 1000 persons and has a broad range of severity. It has multiple causes, with genetics playing a major role. According to the DSM-IV, defining features are impaired sociability, language and communication, and range of interests and activities. Mental deficiency is frequent but by no means universal. The cognitive profile is characteristic, occasionally with a superior but narrow talent. Perseveration, concreteness, affective blunting, and lack of insight into other persons' thinking may be conspicuous. The neurological basis of autism's many sensorimotor features, including stereotypies, is unknown. Attention and sleep are affected, and one third of individuals experience epilepsy by adulthood. Whether subclinical epilepsy plays a role in the developmental regression of the one third of the toddlers who lose their language skills and become autistic remains to be determined. Clinical neuroimaging and biochemical investigations are generally unremarkable. Fewer than 35 brains have been examined pathologically, none with modern techniques. The findings thus far suggest subtle prenatal neuronal maldevelopment in the cerebellum and certain limbic structures. Abnormalities in distributed networks involving serotonin and perhaps other neurotransmitters require further documentation.",https://pubmed.ncbi.nlm.nih.gov/9450763/
49,Autism spectrum disorders: developmental disconnection syndromes.,"Autism is a common and heterogeneous childhood neurodevelopmental disorder. Analogous to broad syndromes such as mental retardation, autism has many etiologies and should be considered not as a single disorder but, rather, as 'the autisms'. However, recent genetic findings, coupled with emerging anatomical and functional imaging studies, suggest a potential unifying model in which higher-order association areas of the brain that normally connect to the frontal lobe are partially disconnected during development. This concept of developmental disconnection can accommodate the specific neurobehavioral features that are observed in autism, their emergence during development, and the heterogeneity of autism etiology, behaviors and cognition.",https://pubmed.ncbi.nlm.nih.gov/17275283/
50,Autism: fifty years on from Kanner.,"It is now 50 years since Leo Kanner first described autism as a distinctive pattern of symptoms in some children with severe developmental problems. Since then the assessment and diagnosis of children with pervasive disorders of development has been refined and much is known about the phenomenology and epidemiology. Autism is a biological disorder of the central nervous system (CNS) of unknown cause. It is associated with a number of organic disorders such as epilepsy and has comorbidity with other psychiatric disorders such as tic disorder. Cognitive abnormalities in social interactions, affect and language are present but there is still debate regarding which of these, if any, is the primary cognitive deficit. Special education and behavioral management has led to modest but important developmental improvement in many children with autism. Autism remains a life-long condition but patterns of symptoms change and skills develop from childhood into adult life.",https://pubmed.ncbi.nlm.nih.gov/8198840/
51,Autism: a target of pharmacotherapies?,"Autism is reaching epidemic proportions. The diagnosis can be made as early as 2 years of age, and autistic patients are expected to have a normal life span. Thus, in terms of the number of 'patient years', autism spectrum disorder (ASD) represents a market that is as large as that of the biggest neurological indication, Alzheimer's disease. However, despite the clear unmet medical need no effective treatment is yet available. This could be because the biology of ASD is not clearly understood and thus proper drug treatment has not been possible. However, significant advances are being made toward understanding the mechanisms of the disease. Here, we review the most recent preclinical advances in the hope that they will lead to a breakthrough in the near future.",https://pubmed.ncbi.nlm.nih.gov/15081964/
52,Autism research: prospects and priorities.,"Research prospects and priorities in the field of autism are discussed with respect to (a) diagnosis, classification, and epidemiology; (b) clinical research; (c) neuropsychological research; (d) genetics; (e) structural and functional brain imaging; (f) postmortem studies; (g) other biological research; and (h) treatment research. Also, it is argued that research into autism has a priority in the broader field of developmental psychopathology because it carries the promise of throwing light on casual mechanisms that apply beyond the syndrome of autism.",https://pubmed.ncbi.nlm.nih.gov/8744496/
53,Autism and pervasive developmental disorders.,"Autism and pervasive developmental disorder, not otherwise specified represent a complex developmental disability in which clinical signs include language delay, social unrelatedness, and unusual or restricted interests. Gradually a better understanding of these disorders as being neurologically-based developmental disorders with multiple etiologies has replaced the idea of emotional disturbance. Although pervasive developmental disorders are rare, the potentially devastating effects make early recognition by pediatricians imperative. Yet, despite promising treatment advances in education, communication technology, behavior treatments, and pharmacology, the prognosis for these disorders remains guarded.",https://pubmed.ncbi.nlm.nih.gov/8493066/
54,"Androgens, autism and more.",No abstract available,https://pubmed.ncbi.nlm.nih.gov/20097217/
55,Autism: recognising the signs in young children.,"Autism is an organic disorder affecting several areas of a child's development. Autism is present from birth, or very soon after, but the nature of the disorder can mean that diagnosis is delayed for months for years. Early intervention can improve long-term function and help the families. Babies with autism may display characteristic features of gaze, hearing, social development and play. Nurses working with babies and young children are in a prime position to recognise these characteristics and refer the family for specialised assessment. Learning disabilities may or may not be present in children with autism. Always listen to the parents. They often suspect something is wrong even though they may not be able to be precise.",https://pubmed.ncbi.nlm.nih.gov/10197015/
56,Understanding autism--a work in progress.,No abstract available,https://pubmed.ncbi.nlm.nih.gov/10212550/
57,Autism and pervasive developmental disorders.,No abstract available,https://pubmed.ncbi.nlm.nih.gov/2179250/
58,Autism and the pervasive developmental disorders.,"Our understanding of childhood autism and the related pervasive developmental disorders continues to advance in many areas. Nevertheless, the heterogeneity of phenotypic expression presents many challenges, not least to efforts to ascertain the prevalence of the disorders. There is now wide agreement on, and reliable application of, the diagnostic criteria for childhood autism, but there is less agreement on and less reliable application of the criteria for the related disorders atypical autism, pervasive developmental disorder-unspecified and Asperger's syndrome. Evidence about genetic associations indicates that several genes are involved in creating susceptibility to the disorder, and the first steps to identify susceptibility loci have begun. Neuroanatomical models have yet to receive consistent support but early signs of promising advances have been made in pharmacological interventions, and adequate evaluation of behavioural intervention programmes is now underway.",https://pubmed.ncbi.nlm.nih.gov/10226747/
59,[Autism and pervasive developmental disorders].,"Objective:To review the current knowledge on neurobiological aspects of autism and pervasive developmental disorders, as well as to provide pediatricians with up to date information on diagnosis and treatment of autism.",https://pubmed.ncbi.nlm.nih.gov/15154076/
60,Autism today: Have we put the cart before the horse?,No abstract available,https://pubmed.ncbi.nlm.nih.gov/28275082/
61,Autism: a review of the state of the science for pediatric primary health care clinicians.,"Autism is a complex neurodevelopmental disorder characterized by impaired reciprocal social interaction, impaired communication, and restricted, repetitive, or stereotyped behaviors. Autism seems to affect more children than was previously believed, although this phenomenon may be due to broadening of the diagnostic criteria and increased awareness of the condition. Recent research has clearly indicated the importance of early identification, since early intensive treatment is associated with better long-term outcome. There are many controversies and competing theories about the etiology and treatment of autism, often leaving families confused about the best course of treatment and intervention. Pediatric primary health care clinicians have an important role in both the early identification and ongoing management of children with autism. It is, therefore, essential that primary care clinicians have up-to-date information about the science of autism.",https://pubmed.ncbi.nlm.nih.gov/17088521/
62,[Autism: toward a necessary cultural revolution].,"Autism is a pervasive developmental disorder of childhood characterised by disturbances in both social interactions and communication as well as stereotyped patterns of activities and behaviour. The increase in estimates of the prevalence of autism has raised the question of an ""epidemic"" of autism. More active case assessment and changes in diagnostic criteria probably account in large part for such increase. Investigators have attempted to define the neural pathophysiology of autism ever since the hypothesis of ""refrigerator mother"" as its cause was replaced by the view that it is a developmental disorder of the immature brain. However consensus is yet to be reached concerning the brain regions implicated. Psychoanalysis, cognitive psychology, neurophysiology, neuropharmacology, and genetics propose restricted view of the major issues leaving extensive areas unexplored. Therapeutic approaches induce only partial and uncertain results. There is no cure for autism but substantial evidence indicates that early, intensive, individualised education is beneficial for children. All modern intervention programs for autism affected children share a high degree of environmental structuring and predictability and an extensive individual approach. Autism being a behaviourally defined syndrome, it gave rise to a number of controversies concerning definition, classification, etiopathogenesis and therapeutics. In the 1990s a crisis has occurred in France with a loss of confidence between parents and psychiatrists with a problem concerning the means and ways of care of the autistic individual. The aim of this paper is to point out the different questions raised by autism in order to better understand this syndrome which touches upon essential behaviour-related aspects such as self consciousness, reality perception, the functioning of the thought and communication, as well as the role of hereditary and acquired influences in normal and pathological development.",https://pubmed.ncbi.nlm.nih.gov/14648487/
63,Autism: research into causes and intervention.,"Autism spectrum conditions are neuro-developmental syndromes with strong heritability. Cognitive theories have had some success in explaining why the cluster of features should co-occur. Empathizing deficits have the potential to make sense of one triad of impairments (social difficulties, communication difficulties and imagining others' minds), and may have a brain basis in the amygdala and left medial frontal cortex. A strong systemizing drive may account for a distinct triad of strengths (good attention to detail, deep, narrow interests and islets of ability). The brain basis of systemizing is yet to be understood. Family genetics studies suggest that these same cognitive dimensions (reduced empathizing alongside a strong drive to systemize) may also characterize the 'broader phenotype' among first-degree relatives. Molecular genetic studies are underway and any candidate genes for autism will ultimately need to be tested in relation to the observed differences in the brain, cognition and behaviour. The ethics of genetic screening or gene therapy should be thought about well ahead of these becoming available, since there is by no means any consensus that these would be desirable given the wide range of phenotypic traits, not all of which are disabling. Future research will need to focus on evaluating the extent to which any form of intervention reduces the triad of impairments whilst supporting the triad of strengths.",https://pubmed.ncbi.nlm.nih.gov/15204577/
64,Autism and autism spectrum disorders: diagnostic issues for the coming decade.,"A decade and a half have elapsed since DSM-IV and ICD-10 appeared. During this time the convergent definitions of autism and related disorders in these two diagnostic systems have stimulated tremendous research. In this brief review we summarize areas of progress and continuing controversy, including approaches to diagnosis in more cognitively able individuals on the autism spectrum, diagnosis in very young infants, the issue of subtypes, and the potential contribution of genetic research. The use of dimensional assessments has some advantages as do the insights from prospective studies. At this point it will be important to study not only causative factors but developmental processes disrupted in these disorders.",https://pubmed.ncbi.nlm.nih.gov/19220594/
65,Autism: an emerging public health problem.,No abstract available,https://pubmed.ncbi.nlm.nih.gov/12941851/
66,Nutritional management of (some) autism: a case for gluten- and casein-free diets?,"Autism spectrum disorders represent a diverse and heterogeneous array of conditions unified by the variable presence of specific behaviours impacting social and communicative functions (social affect) alongside other presentation. Common overt characteristics may come about as a consequence of several different genetic and biological processes differentially manifesting across different people or groups. The concept of plural 'autisms' is evolving, strengthened by an increasingly important evidence base detailing different developmental trajectories across the autism spectrum and the appearance of comorbidity variably interacting with core symptoms and onwards influencing quality of life. Reports that dietary intervention, specifically the removal of foods containing gluten and/or casein from the diet, may impact on the presentation of autism for some, complement this plural view of autism. Evidence suggestive of differing responses to the use of a gluten- and casein-free diet, defined as best- and non-response, has combined with some progress on determining the underlying genetic and biological correlates potentially related to such dietary elements. The preliminary suggestion of a possible diet-related autism phenotype is the result. This review will highlight several pertinent aspects onwards to an effect of food in some cases of autism including research on the pharmacological activity of food metabolites, immune response, issues with gut barrier function and some contribution from the gut microbiota. These represent promising areas in need of far greater research inspection in order to potentially define such a diet-related subgroup on the autism spectrum.",https://pubmed.ncbi.nlm.nih.gov/25311313/
67,Infantile autism.,"Infantile autism is a developmental disability characterized by onset of disturbances in social and language development before the age of 30 months. It must be distinguished from several disorders, including mental retardation and schizophrenia. Most evidence supports an organic basis for the syndrome. Treatment consists of training in language and communication skills, behavioral modification and, occasionally, chemotherapy. Supportive counseling and education for parents are vital to treatment. The prognosis for achieving a life of complete independence is poor.",https://pubmed.ncbi.nlm.nih.gov/3716967/
68,Autism [editorial].,No abstract available,https://pubmed.ncbi.nlm.nih.gov/12449259/
69,Immune dysfunction in autism: a pathway to treatment.,"Autism is a complex and clinically heterogeneous disorder with a spectrum of symptoms. Clinicians, schools, and service agencies worldwide have reported a dramatic increase in the number of children identified with autism. Despite expanding research, the etiology and underlying biological processes of autism remain poorly understood, and the relative contribution from genetic, epigenetic, and environmental factors remains unclear. Although autism affects primarily brain function (especially affect, social functioning, and cognition), it is unknown to what extent other organs and systems are disrupted. Published findings have identified widespread changes in the immune systems of children with autism, at both systemic and cellular levels. Brain specimens from autism subjects exhibit signs of active, ongoing inflammation, as well as alterations in gene pathways associated with immune signaling and immune function. Moreover, many genetic studies have indicated a link between autism and genes that are relevant to both the nervous system and the immune system. Alterations in these pathways can affect function in both systems. Together, these reports suggest that autism may in fact be a systemic disorder with connections to abnormal immune responses. Such immune system dysfunction may represent novel targets for treatment. A better understanding of the involvement of the immune response in autism, and of how early brain development is altered, may have important therapeutic implications.",https://pubmed.ncbi.nlm.nih.gov/20643381/
70,Childhood autism.,No abstract available,https://pubmed.ncbi.nlm.nih.gov/4692179/
71,Childhood autism.,No abstract available,https://pubmed.ncbi.nlm.nih.gov/5440244/
72,Autism: its primary psychological and neurological deficit.,"Autism is a perplexing condition because of its unique presenting signs and high degree of variability. Evidence is presented that the basic underlying information processing disorder is a dysfunction of the appreciation of the emotional significance of incoming stimuli and attaching motivational value to the stimuli. It is proposed that this dysfunction occurs when the amygdaloid nucleus and/or its connections are disrupted, resulting in the variability of the presentation of this syndrome among individuals. Herpes simplex encephalitis sometimes results in signs of autism. The virus has a predilection to attack specific areas of the brain, which provides information on the probable underlying neurological dysfunction in autism.",https://pubmed.ncbi.nlm.nih.gov/1773407/
73,The canonical Wnt signaling pathway in autism.,"Mounting attention is being focused on the canonical Wnt signaling pathway which has been implicated in the pathogenesis of autism in some our and other recent studies. The canonical Wnt pathway is involved in cell proliferation, differentiation and migration, especially during nervous system development. Given its various functions, dysfunction of the canonical Wnt pathway may exert adverse effects on neurodevelopment and therefore leads to the pathogenesis of autism. Here, we review human and animal studies that implicate the canonical Wnt signal transduction pathway in the pathogenesis of autism. We also describe the crosstalk between the canonical Wnt pathway and the Notch signaling pathway in several types of autism spectrum disorders, including Asperger syndrome and Fragile X. Further research on the crosstalk between the canonical Wnt signaling pathway and other signaling cascades in autism may be an efficient avenue to understand the etiology of autism and ultimately lead to alternative medications for autism-like phenotypes.",https://pubmed.ncbi.nlm.nih.gov/24365182/
74,Diagnosing young children with autism.,"The starting point for any research on Autism Spectrum Disorder (ASD) involves the identification of people who evince the condition. From this point follows research on symptom presentation, genetics, epidemiology, animal models, treatment efficacy, and many other important topics. Major advances have been made in differential diagnosis, particularly with young children. This fact is particularly important since ASD is a life long condition. This review documents recent advances and the current state of research on this topic.",https://pubmed.ncbi.nlm.nih.gov/24603281/
75,What's new in autism?,"This review on autism spectrum disorder (ASD) focusses on recent insights in the clinical picture, such as continuity of the phenotype and the concept of broader phenotype, on epidemiology and on clinical issues relevant to physicians, including new methods for early screening and diagnosis, psychiatric and somatic co-morbidity, and the expansion of so-called complementary and alternative treatments. ASD is a disorder with mainly genetic causes and recent insights show that a variety of genetic mechanisms may be involved, i.e. single gene disorders, copy number variations and polygenic mechanisms. Technological advances in genetics have lead to a number of promising findings, which, together with other lines of fundamental research, suggest that ASD may be a disorder of connectivity in the brain, at least in a subgroup of patients. It is possible that part of the genetic load in autism actually reflects gene-environment interaction, but there is no evidence for purely environmental causes in a substantial number of cases. Clinical research suggests that ASD may be a multi-system disorder in at least a subgroup of subjects, affecting the gastro-intestinal (GI) tract, the immune system and perhaps other systems. Behavioural treatments remain the cornerstone of management, and are mainly aimed at stimulation of the domains of impaired development and reducing secondary behaviours. These treatments are constantly being refined, but the main progress in this area may be the increase of research on effectiveness.",https://pubmed.ncbi.nlm.nih.gov/18597114/
76,Hard talk: Does autism need philosophy?,No abstract available,https://pubmed.ncbi.nlm.nih.gov/30354189/
77,Autism and familial major mood disorder: are they related?,"Family history studies of autism consistently reveal a large subgroup with a high incidence of major mood disorder in family members, suggesting the two entities are related clinically and genetically. This review examines this concept, comparing current clinlical and biological knowledge of autism and major mood disorder, and advances the hypothesis that this subgroup of autism represents an early-life phenotype of major mood disorder. If confirmed, this hypothesis would suggest that the basic biological defects determining major mood disorders may have prominent neurodevelopmental and cognitive dimensions. Testing of the hypothesis will depend on genetic studies.",https://pubmed.ncbi.nlm.nih.gov/15260372/
78,Autism: current theories regarding its pathogenesis and implications for rational pharmacotherapy.,"Autism is a pervasive developmental disorder that is aetiologically and clinically heterogeneous. Twin and family-genetic studies provide evidence for strong genetic components. An international consortium using an affected sib pair strategy has found a promising linkage to a region on chromosome 7. In 10 to 15% of cases autism is due to associated medical conditions that affect normal brain functioning. Postmortem studies on small case series report cellular abnormalities in the limbic system and cerebellum. Between 10 and 20% of individuals with autism have macrocephalia, which is in accordance with magnetic resonance imaging (MRI) findings of an increased total brain tissue volume and enlargement most prominent in the occipital and parietal lobes. The most robust and well replicated neurobiological abnormality in autism is an elevation of whole blood serotonin (5-hydroxytryptamine; 5-HT) found in over 30% of patients. Pharmacological interventions with serotonin reuptake inhibitors or with atypical neuroleptics that block both dopamine (D2) and serotonin (5-HT2) receptors seem to offer clinical benefit and merit further study.",https://pubmed.ncbi.nlm.nih.gov/10937459/
79,Autism in Jamaica.,"This paper reviews childhood autism, a serious psychopathological disorder, with emphasis placed on aetiology and management; and outlines briefly the care of the autistic population in a few well organized programmes existing in Jamaica. There is a need for increased awareness, local research and dissemination of information to appropriate personnel and organizations.",https://pubmed.ncbi.nlm.nih.gov/9619089/
80,Understanding autism and related disorders: what has imaging taught us?,Structural imaging studies of autism have documented increased total brain volume and early acceleration in brain growth. Functional MR imaging (fMRI) studies in autism have also led to the view of autism as a disorder of cortical functioning in which functional connectivity or synchronization of brain regions and cortical activity are disturbed with atypical cortical specialization.,https://pubmed.ncbi.nlm.nih.gov/17983966/
81,Autism and the environment.,No abstract available,https://pubmed.ncbi.nlm.nih.gov/16835036/
82,"Autism: the aetiology, management and implications for treatment modalities from the dental perspective.","Autism is defined as a rare and severe psychiatric disorder of childhood. It is marked by severe difficulties in communicating, and forming relationships with other people, in developing language, repetitive and limited patterns of behaviour and obsessive resistance to small changes in familiar surroundings. Hence, affected children offer a special challenge to the practising dentist. To meet this challenge, it is necessary to understand the condition and how to manage its varying presentations in different individuals. The purpose of this article is to review the literature on the topic of autism with an emphasis on the dental perspective.",https://pubmed.ncbi.nlm.nih.gov/16610261/
83,"Autism: its recognition, early diagnosis, and service implications.",No abstract available,https://pubmed.ncbi.nlm.nih.gov/16685186/
84,"Autism spectrum disorder: screening, diagnosis, and medical evaluation.","Autism spectrum disorder (ASD) are a group of behaviorally defined neurodevelopmental disabilities with core deficits in socialization, communication, and behavior, although the presentation can be extremely variable. This article describes the core deficits in ASD, as well as the differential diagnosis and the more commonly associated comorbid disorders. The importance of early diagnosis is emphasized, and screening and assessment tools are reviewed. Finally, the role of the pediatric neurologist is discussed with regard to specific components of the evaluation, including history, physical examination, and ancillary testing.",https://pubmed.ncbi.nlm.nih.gov/15575413/
85,Challenges to autism research.,No abstract available,https://pubmed.ncbi.nlm.nih.gov/16260809/
86,Childhood autism. A review of the clinical and experimental literature.,"This review of the literature on childhood autism discusses the clinical characteristics, differential diagnosis, prognosis and treatment of the autistic behavioral syndrome from a developmental perspective. It includes a discussion of the influence of prenatal and perinatal antecedents, genetic and socio-familial factors, and epidemiologic considerations. Neurologic, electro-encephalographic and experimental neurophysiologic, metabolic, biochemical and hematologic investigations are reviewed. Special emphasis has been given to the changing clinical manifestations which accompany maturation and to the problems of recognition of childhood autism in the very young child.",https://pubmed.ncbi.nlm.nih.gov/4120820/
87,[Neuropediatric approach to autism].,"Autism is defined by 3 main criteria: disturbance of reciprocal social interaction, disturbance of communication (including language comprehension and spoken language) and disturbance of normal variation in behaviour and imaginative activities; an onset before age 36 months is also required. The neuropediatric contribution to autism is dominated by the search for an underlying organic etiology, especially if there are arguments for an associated encephalopathy: ante- or perinatal medical history, dysmorphic signs, skin spots, neurological abnormalities, somatic abnormalities compatible with a neurometabolic disorder. The main associated conditions with autism are: chromosome anomalies, monogenic syndrome (including fragile X syndrome), neurocutaneous syndromes, epileptic encephalopathies, neurometabolic diseases, and dystrophinopathies. The identification of an associated medical condition to autism is primordial in prospect of genetic counselling, and by the change induced in familial perception of autism.",https://pubmed.ncbi.nlm.nih.gov/16219450/
88,Adult autism spectrum as a transnosographic dimension.,No abstract available,https://pubmed.ncbi.nlm.nih.gov/26349624/
89,Is autism reversible?,No abstract available,https://pubmed.ncbi.nlm.nih.gov/19843021/
90,Progress in understanding autism: 2007-2010.,"Scientific progress is discussed in relation to clinical issues; genetic issues; environmental issues; and the state of play on psychological treatments. It is concluded that substantial gains in knowledge have been achieved during the last 3 years, and there have been some unexpected findings, but major puzzles remain. We should be hopeful of ever greater gains in the years ahead, but both prevention and cure remain elusive.",https://pubmed.ncbi.nlm.nih.gov/21318644/
91,What is autism?,No abstract available,https://pubmed.ncbi.nlm.nih.gov/19719002/
92,Changing concepts and findings on autism.,"New research findings provide major challenges regarding our understanding of the concept of autism. These are critically discussed in relation to research relevant to classification, genetics, environmental risk factors, gene-environment interplay, animal models, biomarkers, clinical features, neuropathology, pharmacotherapy, behavioral treatments, and functioning in adult life. It is concluded that, although there have been major research advances; there is a need for a reconceptualization and an avoidance of claims that go beyond the evidence.",https://pubmed.ncbi.nlm.nih.gov/23359217/
93,Identification of autism in cognitively able adults with epilepsy: A narrative review and discussion of available screening and diagnostic tools.,"The recent NICE epilepsy Guideline (NG217; 2022) recommends that epilepsy professionals need to be alert to autism when considering mental health presentations, behavioural difficulties and as a marker for referral for whole genome sequencing for those patients with epilepsy of unknown cause. However, this relies upon the existence of valid autism screens for people with epilepsy (PWE). We found few studies of autism in cognitively able PWE. This represents an important gap in the literature. We describe different autism screening and diagnostic tools; two screening tools have been used specifically for adult PWE who are cognitively able (AQ, SRS-AS). The AQ is more psychometrically robust, but there may be an overlap between these screening questions and questions relevant to some psychiatric disorders. Formal gold-standard diagnostic tools (module 4 of ADOS-2, ADI-R or 3Di or 3Di-Adult) would benefit from studies of their application to cognitively able PWE. More research is needed to understand the characteristics of autism in cognitively able PWE and to ascertain the appropriate screening and diagnostic tools for this cohort.",https://pubmed.ncbi.nlm.nih.gov/36442428/
94,"A brief history of autism, the autism/vaccine hypothesis and a review of the genetic basis of autism spectrum disorders.","Autism spectrum disorders (ASD) represent a common spectrum of developmental disabilities, sharing deficits in social interactions, communication and restricted interests or repetitive behaviors with difficult transitions. In this article, we review the history of the identification and classification of autism and the origin of the now widely-debunked autism/vaccine hypothesis. The differences between syndromal (complex) and non-syndromal (essential) autism are described and illustrated with case descriptions where appropriate. Finally, the evidence that autism is fundamentally a genetic disease is discussed, including family studies, the role of DNA copy number variation and known single gene mutations.",https://pubmed.ncbi.nlm.nih.gov/23444593/
95,Autism: a large unmet medical need and a complex research problem.,"Autism has been becoming the focus of attention as its apparently increasing prevalence is better appreciated. According to some estimates, the frequency of children with autistic spectrum disorder (ASD) can be as high as 1 in 150. The diagnosis can be made as early as 2 years of age, and autistic patients often have a normal life span. Thus, in terms of the number of ""patient years,"" ASD represents a market that is as large as that of the biggest neurological indication, Alzheimer's disease. Despite the clear unmet medical need, no effective treatment is available. This may be because the mechanism of ASD is not understood. The aim of the present paper is to review recent advances in autism research and to discuss some of the most stressing problems mainly from a preclinical research standpoint. We hope to draw attention to the need to study this devastating disease that places an enormous burden on the society in general and the relatives and caregivers of autistic patients in particular.",https://pubmed.ncbi.nlm.nih.gov/12954440/
96,"A new era for autism research, and for our journal.",No abstract available,https://pubmed.ncbi.nlm.nih.gov/29369697/
97,The effectiveness of secretin in the management of autism.,"Autism is a complex neurological disorder that severely impacts a child's ability to communicate and interact socially. Many treatments have attempted to alleviate the symptoms of autism, but with limited success. After reports of improvements in autistic children who received secretin, this hormone became popular as a possible treatment for autism. Since then, the interest in secretin has greatly increased, as well as the demand for secretin by parents of autistic children. However, there is still limited experimental evidence that supports its effectiveness. Many biological studies and clinical trials were conducted to test the effectiveness of secretin in treating autism. This review discusses the autistic disorder, instruments used in the trials, and reports the findings of some of these studies.",https://pubmed.ncbi.nlm.nih.gov/14996634/
98,[Infantile autism].,No abstract available,https://pubmed.ncbi.nlm.nih.gov/759159/
99,Time to give up on a single explanation for autism.,"We argue that there will be no single (genetic or cognitive) cause for the diverse symptoms defining autism. We present recent evidence of behavioral fractionation of social impairment, communication difficulties and rigid and repetitive behaviors. Twin data suggest largely nonoverlapping genes acting on each of these traits. At the cognitive level, too, attempts at a single explanation for the symptoms of autism have failed. Implications for research and treatment are discussed.",https://pubmed.ncbi.nlm.nih.gov/17001340/
